OK,5,5301,10546,113.879953,22.46778,113.919933,22.535375,1
OK,5,8138,28257,113.876793,22.469811,114.091237,22.551769,2
OK,5,12670,54185,113.878736,22.470038,114.22332,22.68866,3
OK,5,3842,9063,113.886754,22.47185,113.882347,22.557594,4
OK,5,9358,25523,113.897933,22.470955,114.063268,22.571174,5
OK,5,3336,21303,113.896473,22.473664,114.055952,22.537491,6
OK,5,7214,16617,113.88821,22.475013,113.948822,22.583699,7
OK,5,3715,5509,113.898417,22.474568,113.933866,22.496437,8
OK,5,5131,14420,113.890291,22.476628,113.980332,22.53638,9
OK,5,6490,8963,113.904977,22.476153,113.889573,22.550766,10
OK,5,5914,14423,113.903114,22.476679,113.95547,22.571257,11
OK,5,5349,31620,113.906029,22.477886,113.812833,22.705061,12
OK,5,8944,17050,113.877512,22.480607,113.948822,22.583699,13
OK,5,8704,26574,113.88286,22.479075,114.081995,22.558501,14
OK,5,3321,7073,113.88286,22.479075,113.93288,22.502977,15
OK,5,8107,29314,113.884317,22.480431,114.106112,22.566073,16
OK,5,9639,52617,113.884317,22.480431,114.22332,22.68866,17
OK,5,4249,13329,113.887234,22.47953,113.961959,22.542619,18
OK,5,5651,20680,113.889907,22.479306,114.048903,22.537399,19
OK,5,4565,26384,113.898899,22.479086,114.089474,22.56452,20
OK,5,3639,10586,113.898899,22.479086,113.905778,22.577634,21
OK,5,4284,23170,113.898899,22.479086,114.047768,22.571203,22
OK,5,9516,36978,113.901167,22.479388,114.143039,22.622415,23
OK,5,4661,25307,113.901167,22.479388,114.037529,22.604214,24
OK,5,3397,6274,113.901167,22.479388,113.932924,22.512241,25
OK,5,6680,47480,113.901167,22.479388,114.213148,22.661689,26
OK,5,2223,10832,113.901167,22.479388,113.966849,22.526076,27
OK,5,4550,26289,113.901167,22.479388,114.084487,22.570588,28
OK,5,5993,19665,113.904147,22.481317,114.048904,22.542505,29
OK,5,7178,23636,113.904147,22.481317,114.081577,22.551673,30
OK,5,8542,32212,113.904147,22.481317,114.116474,22.604406,31
OK,4,11261,41041,113.904147,22.481317,114.175786,22.637096,32
OK,5,7536,24546,113.904147,22.481317,114.091237,22.551769,33
OK,5,7223,19666,113.906676,22.479693,113.995032,22.592971,34
OK,5,5079,20119,113.906676,22.479693,114.032818,22.562563,35
OK,5,4597,26454,113.899547,22.480291,114.111267,22.546896,36
OK,5,3892,8136,113.892579,22.480888,113.936375,22.521071,37
OK,5,8373,21217,113.880913,22.482687,113.809026,22.626525,38
OK,5,4382,17865,113.893064,22.482876,114.009367,22.552498,39
OK,5,6024,5097,113.905211,22.489479,113.910356,22.535248,40
OK,5,7488,24143,113.930488,22.48904,114.106112,22.566073,41
OK,5,8348,30621,113.910557,22.490385,114.108873,22.610626,42
OK,5,4787,19297,113.914446,22.490387,114.064161,22.543344,43
OK,5,2880,6183,113.915905,22.489936,113.898511,22.535152,44
OK,5,2816,6318,113.917687,22.490238,113.898511,22.535152,45
OK,5,4767,12717,113.921899,22.490542,114.008959,22.536167,46
OK,5,6755,23084,113.921899,22.490542,114.089474,22.56452,47
OK,5,8166,29547,113.921899,22.490542,114.108873,22.610626,48
OK,5,4148,31050,113.921899,22.490542,113.805822,22.690927,49
OK,5,2499,11533,113.921899,22.490542,113.984458,22.547052,50
OK,5,6489,44163,113.924167,22.491025,114.213148,22.661689,51
OK,5,4442,11031,113.924167,22.491025,113.949438,22.576986,52
OK,5,4571,20325,113.925626,22.489941,114.054635,22.572213,53
OK,5,4335,10860,113.925626,22.489941,113.882347,22.557594,54
OK,5,9166,38169,113.925626,22.489941,114.175786,22.637096,55
OK,5,2419,9422,113.929515,22.489943,113.980332,22.53638,56
OK,5,7769,30150,113.931297,22.490245,114.125354,22.609764,57
OK,5,3397,18870,113.937546,22.492398,114.080873,22.547009,58
OK,5,4879,24475,113.937546,22.492398,114.117803,22.568444,59
OK,5,5165,30801,113.937546,22.492398,114.13327,22.616822,60
OK,5,6628,22290,113.90764,22.491437,114.081577,22.551673,61
OK,5,8419,22943,113.908368,22.49332,114.091237,22.551769,62
OK,5,4739,11278,113.915902,22.49355,113.991793,22.535232,63
OK,5,6844,27664,113.915902,22.49355,114.111263,22.587247,64
OK,5,8192,23975,113.915902,22.49355,114.035787,22.620386,65
OK,4,7486,26115,113.872152,22.495328,114.091237,22.551769,66
OK,4,7466,24579,113.873124,22.495329,114.080873,22.547009,67
OK,5,5097,20107,113.887707,22.496243,114.038587,22.55614,68
OK,5,5870,11644,113.887707,22.496243,113.851317,22.578014,69
OK,5,6804,22099,113.921248,22.496715,114.09872,22.551788,70
OK,5,5972,11326,113.885275,22.497145,113.851317,22.578014,71
OK,5,6703,20262,113.922868,22.497468,114.081577,22.551673,72
OK,4,6265,38504,113.929997,22.498719,114.187868,22.642058,73
OK,5,8249,28367,113.929997,22.498719,114.105603,22.617603,74
OK,5,7791,28086,113.915413,22.498518,114.074912,22.629485,75
OK,5,5567,10879,113.919788,22.498972,113.984458,22.547052,76
OK,5,5162,19889,113.926594,22.498976,114.087855,22.547125,77
OK,5,5112,15231,113.933399,22.498979,113.995032,22.592971,78
OK,5,4139,7037,113.925135,22.499878,113.89328,22.540202,79
OK,5,2962,4972,113.935829,22.500786,113.919933,22.535375,80
OK,5,5984,19837,113.874577,22.50188,114.02841,22.556377,81
OK,5,6896,28205,113.897667,22.502573,114.119856,22.57685,82
OK,5,5899,24129,113.897667,22.502573,114.089474,22.56452,83
OK,5,7429,28231,113.914439,22.50168,113.800953,22.676551,84
OK,5,7885,27078,113.914439,22.50168,114.065725,22.630241,85
OK,5,6043,16613,113.918328,22.502585,114.038587,22.55614,86
OK,5,10372,39201,113.918328,22.502585,114.187868,22.642058,87
OK,4,10968,45569,113.918328,22.502585,114.21945,22.675972,88
OK,5,6357,20124,113.919786,22.501683,114.081577,22.551673,89
OK,5,8106,27335,113.919786,22.501683,113.792266,22.654733,90
OK,5,5586,10425,113.921731,22.501683,113.984458,22.547052,91
OK,5,3933,8131,113.923675,22.501684,113.889573,22.550766,92
OK,5,9948,37167,113.923675,22.501684,114.175786,22.637096,93
OK,5,5883,16317,113.923675,22.501684,114.032818,22.562563,94
OK,5,5575,16107,113.923675,22.501684,114.044564,22.549642,95
OK,5,5548,17273,113.923675,22.501684,114.055492,22.551104,96
OK,5,3038,7650,113.928537,22.501687,113.969302,22.539843,97
OK,5,6974,20295,113.928537,22.501687,114.025354,22.613356,98
OK,5,6218,20350,113.928537,22.501687,114.043453,22.597192,99
OK,5,1713,1474,113.928537,22.501687,113.932924,22.512241,100
OK,5,5470,9791,113.928537,22.501687,113.984458,22.547052,101
OK,5,5077,19128,113.930481,22.501688,114.081577,22.551673,102
OK,5,5279,18901,113.932912,22.501689,114.081577,22.551673,103
OK,5,4895,9383,113.932912,22.501689,113.984458,22.547052,104
OK,5,8982,31543,113.935343,22.50169,114.143039,22.622415,105
OK,5,4678,10819,113.935343,22.50169,113.960717,22.585452,106
OK,5,6389,25598,113.92562,22.502589,114.119856,22.57685,107
OK,5,7761,40884,113.881867,22.503466,114.175786,22.637096,108
OK,5,4390,19659,113.881867,22.503466,114.055952,22.537491,109
OK,5,8143,28360,113.935503,22.504099,114.125354,22.609764,110
OK,5,11018,39567,113.892803,22.50641,114.175786,22.637096,111
OK,5,3642,4918,113.911518,22.508303,113.89328,22.540202,112
OK,5,7224,20437,113.921728,22.507104,114.043453,22.597192,113
OK,5,4835,20675,113.921728,22.507104,114.103197,22.544383,114
OK,5,4221,16651,113.92338,22.508369,114.064161,22.543344,115
OK,5,5592,35415,113.934853,22.508716,114.175786,22.637096,116
OK,5,2755,9629,113.934853,22.508716,113.994165,22.549357,117
OK,5,10035,33188,113.866791,22.509326,114.105603,22.617603,118
OK,5,8814,24555,113.866791,22.509326,114.063268,22.571174,119
OK,5,6159,14044,113.8817,22.509187,113.969891,22.5669,120
OK,5,4887,24840,113.885589,22.50919,114.111267,22.546896,121
OK,5,8456,26264,113.885265,22.509792,114.106112,22.566073,122
OK,5,6230,17064,113.885265,22.509792,114.018876,22.555473,123
OK,5,3972,18038,113.885265,22.509792,114.048903,22.537399,124
OK,5,6375,11650,113.894664,22.509498,113.991793,22.535232,125
OK,5,6568,19063,113.896285,22.509499,114.064161,22.543344,126
OK,3,10340,32922,113.896285,22.509499,114.13327,22.616822,127
OK,5,9309,30612,113.896285,22.509499,114.100313,22.624369,128
OK,5,7615,21653,113.896285,22.509499,114.087855,22.547125,129
OK,5,5833,19319,113.915893,22.508908,114.054635,22.572213,130
OK,5,10612,46801,113.915893,22.508908,114.22332,22.68866,131
OK,5,5934,19033,113.922942,22.509589,114.081577,22.551673,132
OK,5,7273,24490,113.922942,22.509589,114.055668,22.629648,133
OK,5,7024,42404,113.922942,22.509589,114.213148,22.661689,134
OK,5,2542,5756,113.922942,22.509589,113.966849,22.526076,135
OK,5,4593,11101,113.922942,22.509589,113.988784,22.558775,136
OK,5,6823,19701,113.926588,22.509365,114.025354,22.613356,137
OK,5,7109,21384,113.926588,22.509365,114.035787,22.620386,138
OK,5,1982,2012,113.912489,22.511164,113.932924,22.512241,139
OK,5,5132,11505,113.920753,22.51162,114.001145,22.551385,140
OK,5,8015,24038,113.86495,22.514795,114.087855,22.547125,141
OK,5,4336,16216,113.90568,22.514097,114.048904,22.542505,142
OK,5,3508,19095,113.919617,22.514631,114.063268,22.571174,143
OK,5,5455,18268,113.92059,22.514029,114.080873,22.547009,144
OK,5,3012,5968,114.056393,22.513437,114.038587,22.55614,145
OK,5,9891,31925,113.869703,22.515201,114.108873,22.610626,146
OK,5,5974,11044,113.877806,22.514906,113.969302,22.539843,147
OK,5,6754,12570,113.8803,22.516293,113.949438,22.576986,148
OK,5,6913,22784,113.879751,22.514907,114.063268,22.571174,149
OK,5,4396,9496,113.90125,22.515324,113.980332,22.53638,150
OK,5,4041,19670,113.934364,22.514337,114.084487,22.570588,151
OK,5,9067,29106,113.876509,22.515658,114.111263,22.587247,152
OK,5,2150,2770,113.912972,22.51523,113.936375,22.521071,153
OK,5,2325,9199,114.04035,22.515248,113.988784,22.558775,154
OK,5,4254,25282,114.053963,22.515244,114.187868,22.642058,155
OK,5,6721,8731,113.877967,22.516111,113.851317,22.578014,156
OK,5,6677,26254,113.90354,22.516489,114.119856,22.57685,157
OK,5,6021,22178,113.90354,22.516489,114.089474,22.56452,158
OK,5,3353,6747,113.905355,22.516731,113.948998,22.543288,159
OK,5,11310,46994,113.905355,22.516731,114.22332,22.68866,160
OK,5,5853,21080,113.906651,22.517033,114.103197,22.544383,161
OK,5,5506,19574,113.909568,22.516583,114.081577,22.551673,162
OK,5,3869,15093,113.909568,22.516583,114.02841,22.556377,163
OK,5,8755,30878,113.910541,22.516584,114.13327,22.616822,164
OK,5,3986,11957,113.910541,22.516584,114.001145,22.551385,165
OK,5,3239,6606,113.910541,22.516584,113.905778,22.577634,166
OK,5,6623,20524,113.910541,22.516584,114.043453,22.597192,167
OK,5,4597,12499,113.912486,22.516133,114.021715,22.539099,168
OK,5,6514,20957,113.912486,22.516133,114.09872,22.551788,169
OK,5,7995,44747,113.912486,22.516133,114.21945,22.675972,170
OK,5,3142,7280,113.916861,22.516135,113.969302,22.539843,171
OK,5,7908,27834,113.916861,22.516135,114.105603,22.617603,172
OK,5,2141,2924,113.924478,22.516741,113.933866,22.496437,173
OK,5,2859,6976,113.927071,22.516442,113.980332,22.53638,174
OK,5,4917,18866,113.927071,22.516442,114.091237,22.551769,175
OK,5,5565,23937,113.931446,22.516142,114.111263,22.587247,176
OK,5,5114,19894,113.929015,22.517045,114.084487,22.570588,177
OK,4,1208,650,113.931737,22.517588,113.932924,22.512241,178
OK,5,3019,8909,113.929257,22.518626,113.976879,22.562912,179
OK,4,2674,5144,113.919938,22.519148,113.948998,22.543288,180
OK,5,5721,20700,113.92318,22.5193,114.035787,22.620386,181
OK,5,3948,15984,114.038698,22.521031,114.105603,22.617603,182
OK,5,5209,33498,114.046477,22.520125,114.22332,22.68866,183
OK,5,5335,12424,114.051047,22.519762,114.111263,22.587247,184
OK,5,4896,19592,114.052506,22.520214,113.888407,22.562797,185
OK,5,8582,28701,113.896729,22.522177,114.108873,22.610626,186
OK,5,2587,3820,113.911024,22.520649,113.93288,22.502977,187
OK,5,4587,10403,113.911024,22.520649,113.976879,22.562912,188
OK,5,5156,18218,113.913455,22.521102,114.080873,22.547009,189
OK,5,3188,15596,113.913455,22.521102,114.056176,22.543841,190
OK,5,6374,42125,113.913455,22.521102,114.213148,22.661689,191
OK,5,4241,27952,113.913455,22.521102,113.812833,22.705061,192
OK,5,2630,15279,113.91702,22.520954,114.056176,22.543841,193
OK,5,5839,39905,113.91702,22.520954,114.204036,22.651256,194
OK,5,5816,41808,113.91702,22.520954,114.213148,22.661689,195
OK,5,4047,10056,113.91702,22.520954,113.994165,22.549357,196
OK,5,6902,26968,113.917344,22.521104,114.116474,22.604406,197
OK,5,4968,21815,113.920748,22.521106,114.106112,22.566073,198
OK,5,4050,8934,113.920748,22.521106,113.948822,22.583699,199
OK,5,5046,17848,113.923179,22.521107,114.081577,22.551673,200
OK,5,3513,9916,113.923179,22.521107,113.988784,22.558775,201
OK,5,5389,39135,113.924151,22.522011,114.204036,22.651256,202
OK,5,6765,24075,113.925772,22.520958,114.065725,22.630241,203
OK,5,2078,13801,113.925772,22.520958,114.055952,22.537491,204
OK,5,6590,27354,113.927716,22.52126,114.125354,22.609764,205
OK,5,5964,44133,113.929568,22.522723,114.22332,22.68866,206
OK,5,3399,14852,113.911509,22.522231,114.048904,22.542505,207
OK,5,6274,16803,113.911509,22.522231,114.005311,22.602089,208
OK,5,2691,15370,113.914913,22.522007,114.056176,22.543841,209
OK,5,4023,28975,113.934198,22.522467,113.805822,22.690927,210
OK,5,3129,16971,113.925771,22.523066,114.054635,22.572213,211
OK,5,2412,7445,113.922285,22.525097,113.938951,22.583475,212
OK,5,2191,4961,113.963532,22.523832,113.93288,22.502977,213
OK,5,3415,15573,113.966125,22.524133,114.089474,22.56452,214
OK,5,3547,8842,113.968686,22.523923,114.02841,22.556377,215
OK,5,3363,12252,114.025604,22.523984,113.960717,22.585452,216
OK,5,4437,37342,114.025604,22.523984,113.805822,22.690927,217
OK,5,2403,6566,114.036949,22.523606,113.980332,22.53638,218
OK,5,9610,37529,113.912156,22.524866,114.187868,22.642058,219
OK,5,2018,2418,113.947001,22.52473,113.938914,22.541223,220
OK,5,3331,13937,113.984763,22.524588,114.084487,22.570588,221
OK,5,3333,6244,113.986384,22.524739,113.932924,22.512241,222
OK,5,5928,18825,113.986384,22.524739,114.074912,22.629485,223
OK,5,3084,7603,113.99069,22.524933,113.93288,22.502977,224
OK,5,2563,4047,114.02917,22.524737,114.038587,22.55614,225
OK,5,4363,8331,114.02917,22.524737,114.081995,22.558501,226
OK,5,2973,8387,114.032735,22.524886,113.961959,22.542619,227
OK,5,2969,13161,114.032735,22.524886,114.125013,22.570069,228
OK,5,2185,10097,114.032735,22.524886,113.969891,22.5669,229
OK,5,1759,7675,114.035199,22.524645,113.969302,22.539843,230
OK,5,2563,10647,114.035199,22.524645,113.938914,22.541223,231
OK,5,2732,17361,114.035199,22.524645,113.913929,22.58467,232
OK,5,4400,28518,114.035199,22.524645,114.204036,22.651256,233
OK,5,4837,34093,114.035199,22.524645,114.22332,22.68866,234
OK,5,3855,13725,114.035199,22.524645,113.926225,22.489287,235
OK,5,2602,13613,114.038408,22.524283,113.949438,22.576986,236
OK,5,2477,4353,114.040839,22.524734,114.02841,22.556377,237
OK,5,6374,36293,114.040839,22.524734,113.792266,22.654733,238
OK,5,3679,12970,114.040839,22.524734,114.065725,22.630241,239
OK,5,4784,27756,114.042784,22.525185,114.204036,22.651256,240
OK,5,4084,11436,114.043756,22.524733,113.938914,22.541223,241
OK,5,2491,6973,114.043756,22.524733,114.081995,22.558501,242
OK,5,3327,18150,114.043756,22.524733,113.913929,22.58467,243
OK,5,4007,12847,114.046997,22.524883,113.93288,22.502977,244
OK,5,5279,41390,114.071146,22.525928,113.805822,22.690927,245
OK,5,1665,2103,113.945542,22.525633,113.948998,22.543288,246
OK,5,5035,33830,114.036949,22.525638,114.22332,22.68866,247
OK,5,2790,8058,114.038408,22.525186,114.037529,22.604214,248
OK,5,3706,18646,114.042784,22.527444,113.875527,22.557722,249
OK,5,5208,16188,114.056399,22.52744,114.13327,22.616822,250
OK,5,3399,12795,114.061261,22.527438,113.938914,22.541223,1
OK,5,3209,12750,114.061261,22.527438,114.005311,22.602089,2
OK,5,2321,9962,114.061261,22.527438,114.037529,22.604214,3
OK,5,4606,27538,114.062817,22.527708,114.213148,22.661689,4
OK,5,2503,7714,114.065637,22.528038,114.009367,22.552498,5
OK,5,3039,11186,114.065637,22.528038,114.055668,22.629648,6
OK,5,3233,11779,114.072583,22.528078,113.961959,22.542619,7
OK,5,2626,8301,113.909398,22.52908,113.991793,22.535232,8
OK,5,4757,8552,113.909398,22.52908,113.95547,22.571257,9
OK,5,6509,26784,113.911992,22.527877,114.116474,22.604406,10
OK,5,5563,23840,113.914423,22.52833,114.125013,22.570069,11
OK,5,3023,25540,113.914423,22.52833,113.800953,22.676551,12
OK,5,3528,18845,113.914423,22.52833,114.091237,22.551769,13
OK,5,5542,36604,113.918799,22.527881,114.187868,22.642058,14
OK,5,3685,16635,113.923661,22.528335,114.054635,22.572213,15
OK,5,2468,12588,113.923661,22.528335,114.048903,22.537399,16
OK,5,4696,12920,113.929009,22.528337,114.044564,22.549642,17
OK,5,5628,15946,113.931343,22.528067,114.054635,22.572213,18
OK,5,1984,2896,113.996675,22.529633,113.984458,22.547052,19
OK,5,3339,14723,114.049106,22.528345,113.898511,22.535152,20
OK,5,2865,4618,114.050808,22.529022,114.080873,22.547009,21
OK,5,3695,12841,114.050808,22.529022,113.919933,22.535375,22
OK,5,3828,8533,114.017918,22.529191,114.005311,22.602089,23
OK,4,2496,8329,114.017918,22.529191,114.087855,22.547125,24
OK,5,2959,6753,114.029171,22.528802,114.054635,22.572213,25
OK,1,5924,5661,114.03768,22.529026,114.001145,22.551385,26
OK,5,2117,4470,114.059479,22.529697,114.021715,22.539099,27
OK,5,3547,4586,114.063985,22.529695,114.081995,22.558501,28
OK,5,3561,18160,113.920986,22.530366,114.043453,22.597192,29
OK,5,1950,3966,113.925766,22.530895,113.89328,22.540202,30
OK,5,5761,42065,113.902143,22.532162,114.213148,22.661689,31
OK,5,3089,12091,113.924632,22.531497,114.048523,22.526119,32
OK,5,3801,15693,113.937177,22.53078,114.087855,22.547125,33
OK,5,4186,9820,113.961747,22.530908,114.032818,22.562563,34
OK,5,3127,8098,113.968392,22.531512,114.048903,22.537399,35
OK,5,6284,33781,113.972282,22.530609,114.204036,22.651256,36
OK,5,4055,11463,113.991245,22.531289,114.025354,22.613356,37
OK,5,3122,6921,113.991245,22.531289,114.038587,22.55614,38
OK,5,3654,9828,113.99319,22.530611,114.080873,22.547009,39
OK,5,4112,13014,113.99319,22.530611,113.888407,22.562797,40
OK,5,3899,9183,113.99319,22.530611,114.047768,22.571203,41
OK,5,2212,3813,114.011436,22.534267,114.02841,22.556377,42
OK,5,2426,3133,114.011436,22.534267,113.994165,22.549357,43
OK,5,3038,12410,114.016043,22.53061,113.89328,22.540202,44
OK,5,4630,25640,114.016043,22.53061,114.175786,22.637096,45
OK,5,2036,5135,114.022364,22.531061,114.064161,22.543344,46
OK,5,2808,7160,114.022364,22.531061,114.054635,22.572213,47
OK,5,2018,4154,114.022364,22.531061,114.032818,22.562563,48
OK,5,2708,10236,114.022364,22.531061,113.932924,22.512241,49
OK,5,4373,16494,114.022364,22.531061,114.105603,22.617603,50
OK,5,2389,10366,114.024309,22.531212,114.099217,22.564735,51
OK,0,Array,Array,114.03533,22.530909,114.018876,22.555473,52
OK,5,2136,12052,114.026254,22.533707,113.898511,22.535152,53
OK,5,3601,7850,113.909558,22.532844,113.938951,22.583475,54
OK,5,1487,1909,114.082171,22.533301,114.081577,22.551673,55
OK,5,2935,4352,114.116695,22.534634,114.125013,22.570069,56
OK,5,3709,7848,113.908584,22.533747,113.938951,22.583475,57
OK,5,8376,30484,113.911988,22.533749,114.143039,22.622415,58
OK,5,5696,39083,113.911988,22.533749,114.204036,22.651256,59
OK,5,4390,26111,113.911988,22.533749,114.108873,22.610626,60
OK,5,2097,5169,113.913771,22.5336,113.913929,22.58467,61
OK,5,2223,3145,113.915878,22.533299,113.936375,22.521071,62
OK,5,4709,9455,113.918796,22.533753,114.001145,22.551385,63
OK,5,4381,18934,113.921227,22.533754,114.084487,22.570588,64
OK,5,4729,17664,113.921227,22.533754,114.091237,22.551769,65
OK,5,4082,15923,113.923171,22.534884,114.080873,22.547009,66
OK,5,3719,10999,113.923171,22.534884,114.018876,22.555473,67
OK,5,6140,43502,113.923171,22.534884,114.22332,22.68866,68
OK,5,3790,27032,113.935814,22.533309,113.800953,22.676551,69
OK,5,3145,5662,113.935814,22.533309,113.95547,22.571257,70
OK,5,3737,11197,113.938245,22.533761,114.048904,22.542505,71
OK,5,1776,3961,113.941163,22.533311,113.980332,22.53638,72
OK,5,5397,33973,113.941163,22.533311,114.187868,22.642058,73
OK,5,3382,15982,113.941163,22.533311,114.043453,22.597192,74
OK,5,3222,7948,113.943107,22.533763,113.899633,22.572352,75
OK,5,3199,6303,113.943594,22.533613,113.994165,22.549357,76
OK,5,6543,26434,113.954939,22.534219,114.143039,22.622415,77
OK,5,5465,27328,113.954939,22.534219,113.792266,22.654733,78
OK,5,3221,3788,113.954939,22.534219,113.95547,22.571257,79
OK,5,4779,10053,113.958424,22.534671,113.875527,22.557722,80
OK,5,7447,36565,113.958424,22.534671,114.213148,22.661689,81
OK,5,3810,9066,113.961098,22.533768,114.048904,22.542505,82
OK,5,3165,4000,113.961098,22.533768,113.919933,22.535375,83
OK,5,5057,15070,113.961098,22.533768,114.089474,22.56452,84
OK,5,3707,9320,113.964502,22.533318,114.032818,22.562563,85
OK,5,2762,2479,113.966285,22.534221,113.991793,22.535232,86
OK,5,2507,11771,114.060291,22.533762,113.969891,22.5669,87
OK,5,5439,14914,114.074878,22.533756,113.95547,22.571257,88
OK,5,4780,10113,114.11475,22.533732,114.13327,22.616822,89
OK,5,5237,44667,114.11475,22.533732,113.805822,22.690927,90
OK,5,2330,6676,113.956884,22.534821,114.009367,22.552498,91
OK,5,6220,20790,113.999025,22.534827,114.13327,22.616822,92
OK,5,3507,8518,114.002498,22.534999,114.080873,22.547009,93
OK,5,6439,18721,114.006318,22.534225,114.125354,22.609764,94
OK,5,2817,14698,113.914418,22.536009,114.064161,22.543344,95
OK,5,3194,26082,113.917336,22.535559,113.805822,22.690927,96
OK,5,3512,6594,113.919929,22.535711,113.938951,22.583475,97
OK,5,4666,11591,113.947969,22.53512,114.036388,22.568309,98
OK,5,2805,12982,113.972768,22.53621,114.103197,22.544383,99
OK,5,3572,6619,114.071962,22.535564,114.036388,22.568309,100
OK,5,2776,6477,114.077797,22.535561,114.008959,22.536167,101
OK,5,4859,28931,114.078769,22.535561,114.22332,22.68866,102
OK,5,4996,12845,114.083631,22.535408,114.13327,22.616822,103
OK,5,2862,13586,114.087036,22.536159,113.948998,22.543288,104
OK,5,3867,15527,114.099678,22.535775,113.995032,22.592971,105
OK,5,1438,2408,114.106485,22.535093,114.09872,22.551788,106
OK,5,2823,8715,114.108592,22.535694,114.054635,22.572213,107
OK,5,2803,9651,114.112077,22.535767,114.008959,22.536167,108
OK,5,3275,10040,114.112077,22.535767,114.100313,22.624369,109
OK,5,3778,12362,114.112077,22.535767,113.994165,22.549357,110
OK,5,6196,18178,114.112077,22.535767,113.95547,22.571257,111
OK,5,4785,17577,114.113974,22.536172,114.187868,22.642058,112
OK,5,3271,15399,114.119776,22.536288,114.055668,22.629648,113
OK,5,4920,44877,114.119776,22.536288,113.805822,22.690927,114
OK,5,3160,16006,114.119776,22.536288,113.976879,22.562912,115
OK,5,5334,35745,113.900802,22.536904,114.175786,22.637096,116
OK,5,5420,37372,113.900802,22.536904,114.187868,22.642058,117
OK,5,4403,19785,113.908192,22.538399,114.111267,22.546896,118
OK,5,4472,26473,113.9115,22.536459,114.100313,22.624369,119
OK,5,5813,35513,113.921225,22.536464,114.187868,22.642058,120
OK,5,3315,8819,113.922522,22.536615,114.001145,22.551385,121
OK,5,3409,10885,113.922522,22.536615,114.018876,22.555473,122
OK,5,5292,16003,113.937514,22.536471,114.043453,22.597192,123
OK,5,7367,22196,113.937514,22.536471,114.074912,22.629485,124
OK,5,3682,28800,113.946996,22.536023,113.805822,22.690927,125
OK,5,5460,19477,113.954776,22.536326,114.119856,22.57685,126
OK,5,1764,4501,114.00875,22.536483,114.055952,22.537491,127
OK,5,4549,40555,114.06629,22.537373,113.812833,22.705061,128
OK,5,3845,6985,113.919279,22.538044,113.984458,22.547052,129
OK,5,1996,3067,114.022365,22.537385,113.991793,22.535232,130
OK,5,5703,15856,114.022365,22.537385,114.105603,22.617603,131
OK,5,3278,9880,114.022365,22.537385,114.092766,22.570258,132
OK,5,4821,43031,114.111349,22.536897,113.800953,22.676551,133
OK,5,2943,11493,114.112808,22.537347,113.991793,22.535232,134
OK,5,5710,21821,113.916362,22.538268,114.117803,22.568444,135
OK,5,5182,21277,113.922197,22.538271,114.117803,22.568444,136
OK,5,1634,1857,113.922197,22.538271,113.938914,22.541223,137
OK,5,4950,18945,113.924628,22.537821,114.092766,22.570258,138
OK,5,3991,13530,113.938243,22.538278,114.047768,22.571203,139
OK,5,6401,22924,113.942295,22.538129,114.116474,22.604406,140
OK,5,1957,7320,113.944565,22.537829,114.021715,22.539099,141
OK,5,2284,9687,113.944565,22.537829,114.02841,22.556377,142
OK,5,4274,22664,113.944565,22.537829,114.108873,22.610626,143
OK,5,6052,39568,113.944565,22.537829,114.21945,22.675972,144
OK,5,2568,5174,113.944565,22.537829,113.933866,22.496437,145
OK,5,4242,14451,113.950885,22.53896,114.025354,22.613356,146
OK,5,7292,26472,113.950885,22.53896,113.792266,22.654733,147
OK,5,2842,6818,113.950885,22.53896,114.009367,22.552498,148
OK,5,5372,36836,113.950885,22.53896,114.213148,22.661689,149
OK,5,4231,16405,113.951858,22.538283,114.099217,22.564735,150
OK,5,3454,28025,113.951858,22.538283,113.800953,22.676551,151
OK,5,2724,13704,113.951858,22.538283,114.063268,22.571174,152
OK,5,4409,15622,113.951858,22.538283,114.084487,22.570588,153
OK,5,3846,9787,113.951858,22.538283,114.044564,22.549642,154
OK,5,4764,16547,113.958666,22.538285,114.106112,22.566073,155
OK,5,5824,19261,113.958666,22.538285,114.065725,22.630241,156
OK,5,7640,37981,113.961097,22.538285,114.21945,22.675972,157
OK,5,5347,12751,113.96207,22.538286,114.063268,22.571174,158
OK,5,4685,14706,113.967418,22.537835,114.035787,22.620386,159
OK,5,3727,6743,113.982816,22.539042,113.960717,22.585452,160
OK,5,2556,14444,114.049596,22.538734,113.898511,22.535152,161
OK,5,3984,27657,114.049596,22.538734,114.213148,22.661689,162
OK,5,4222,15493,114.075853,22.538272,113.960717,22.585452,163
OK,5,2854,4253,114.104704,22.538407,114.117803,22.568444,164
OK,5,2600,14248,113.943591,22.539184,114.087855,22.547125,165
OK,5,2389,4848,113.972767,22.539191,113.95547,22.571257,166
OK,5,1982,3340,114.058673,22.539735,114.081577,22.551673,167
OK,5,3331,5481,114.100166,22.538711,114.125013,22.570069,168
OK,5,1729,6067,114.11054,22.539306,114.048904,22.542505,169
OK,5,3785,6183,113.988084,22.540548,114.044564,22.549642,170
OK,5,2740,14205,114.015558,22.53987,113.882347,22.557594,171
OK,5,5921,32408,114.015558,22.53987,113.792266,22.654733,172
OK,5,3073,5740,114.04522,22.539639,113.994165,22.549357,173
OK,5,4460,25731,114.048137,22.540316,114.204036,22.651256,174
OK,5,1400,3825,114.051973,22.540239,114.02841,22.556377,175
OK,5,2960,15216,114.055917,22.539636,113.89328,22.540202,176
OK,4,4169,22639,114.055917,22.539636,114.187868,22.642058,177
OK,5,4325,12692,114.055917,22.539636,114.100313,22.624369,178
OK,5,3274,11672,114.063601,22.540717,113.938914,22.541223,179
OK,5,2923,11277,114.063601,22.540717,114.108873,22.610626,180
OK,5,3785,7181,114.071478,22.540081,114.117803,22.568444,181
OK,5,2181,11165,114.071478,22.540081,113.966849,22.526076,182
OK,5,4065,6999,114.073423,22.54008,114.117803,22.568444,183
OK,5,1905,2108,114.074557,22.539929,114.056176,22.543841,184
OK,5,2909,9140,114.074557,22.539929,113.980332,22.53638,185
OK,5,4526,10336,114.074557,22.539929,114.108873,22.610626,186
OK,5,3691,9940,114.074557,22.539929,114.065725,22.630241,187
OK,5,3036,2432,114.075854,22.540079,114.081995,22.558501,188
OK,5,6482,38098,114.076827,22.540079,113.792266,22.654733,189
OK,5,4377,9313,114.076827,22.540079,113.984458,22.547052,190
OK,5,4540,39673,114.078772,22.540078,113.800953,22.676551,191
OK,5,4065,24803,114.078772,22.540078,114.213148,22.661689,192
OK,5,4903,41446,114.078772,22.540078,113.812833,22.705061,193
OK,5,2615,7451,114.08023,22.539625,114.119856,22.57685,194
OK,5,3949,20047,114.08023,22.539625,113.913929,22.58467,195
OK,5,4115,12295,114.08023,22.539625,114.035787,22.620386,196
OK,5,3048,5542,114.092193,22.540703,114.048523,22.526119,197
OK,5,3443,6144,113.924383,22.54166,113.984458,22.547052,198
OK,5,4643,15095,113.971146,22.541148,114.106112,22.566073,199
OK,5,4893,17604,114.127593,22.541401,113.938914,22.541223,200
OK,5,3734,11739,114.016855,22.541752,113.93288,22.502977,201
OK,5,2660,2879,114.024797,22.54145,114.032818,22.562563,202
OK,5,3135,6528,114.038899,22.542351,114.09872,22.551788,203
OK,5,2240,8968,114.050569,22.542122,113.976879,22.562912,204
OK,5,2121,3257,114.053,22.541443,114.054635,22.572213,205
OK,5,2761,7044,114.054459,22.541895,113.984458,22.547052,206
OK,5,3273,6063,114.055918,22.541894,114.001145,22.551385,207
OK,5,1976,5528,114.057863,22.541442,114.111267,22.546896,208
OK,5,3915,21324,114.068075,22.541438,114.187868,22.642058,209
OK,5,4902,20424,114.071965,22.541436,113.876461,22.563243,210
OK,5,2096,4741,114.072938,22.542038,114.099217,22.564735,211
OK,5,4403,11348,114.075855,22.541886,113.976879,22.562912,212
OK,5,5119,22703,114.076828,22.541885,113.865868,22.572004,213
OK,5,2072,2259,114.078449,22.542035,114.056176,22.543841,214
OK,5,5737,16439,114.080069,22.542034,113.948822,22.583699,215
OK,5,2995,8738,114.084121,22.54143,114.001145,22.551385,216
OK,5,3011,13468,114.084121,22.54143,114.005311,22.602089,217
OK,5,2295,12934,114.088498,22.541879,113.966849,22.526076,218
OK,5,3092,10111,114.088498,22.541879,114.074912,22.629485,219
OK,5,2310,9670,114.088498,22.541729,113.991793,22.535232,220
OK,5,2887,9563,114.088498,22.541729,113.994165,22.549357,221
OK,5,2273,12140,114.097445,22.541784,113.969302,22.539843,222
OK,5,4586,16924,114.097445,22.541784,114.175786,22.637096,223
OK,5,4036,19241,114.100493,22.542023,113.938951,22.583475,224
OK,5,2347,4481,114.102113,22.541871,114.056176,22.543841,225
OK,5,3881,8334,114.102113,22.541871,114.02841,22.556377,226
OK,5,3423,18768,114.104707,22.541719,113.910356,22.535248,227
OK,5,3112,7416,113.933379,22.542342,113.876461,22.563243,228
OK,5,1945,5946,113.966445,22.542352,113.910356,22.535248,229
OK,5,4595,33325,114.013613,22.542807,113.800953,22.676551,230
OK,5,2470,2556,114.032577,22.542804,114.018876,22.555473,231
OK,1,2089,1172,114.03851,22.543616,114.044564,22.549642,232
OK,5,5380,20831,114.113298,22.542767,113.93288,22.502977,233
OK,5,2544,8554,114.146851,22.54283,114.056176,22.543841,234
OK,5,3743,13639,113.920735,22.543239,114.048523,22.526119,235
OK,5,2640,6082,113.920735,22.543239,113.949438,22.576986,236
OK,5,3882,13549,113.922194,22.543692,114.048523,22.526119,237
OK,5,6080,20325,113.939537,22.544452,114.111263,22.587247,238
OK,5,3632,8507,113.939537,22.544452,114.018876,22.555473,239
OK,5,6965,23883,113.940672,22.5437,114.125354,22.609764,240
OK,5,3180,14200,113.940672,22.5437,114.063268,22.571174,241
OK,5,4735,12622,113.942293,22.54355,114.047768,22.571203,242
OK,5,3952,18353,113.952343,22.543252,114.055668,22.629648,243
OK,5,2501,13152,113.954774,22.543252,113.851317,22.578014,244
OK,5,4560,14279,113.954774,22.543252,114.09872,22.551788,245
OK,5,7224,21165,113.954774,22.543252,114.108873,22.610626,246
OK,5,8205,23519,113.95988,22.543931,114.13327,22.616822,247
OK,5,4582,21019,113.95988,22.543931,114.105603,22.617603,248
OK,5,3620,12386,113.95988,22.543931,114.063268,22.571174,249
OK,5,6358,39167,113.95988,22.543931,114.22332,22.68866,250
OK,5,4622,12763,113.961582,22.543254,114.081995,22.558501,1
OK,5,3871,6169,113.961582,22.543254,113.938951,22.583475,2
OK,5,4750,14128,113.966282,22.54461,114.035787,22.620386,3
OK,5,5486,15849,113.974711,22.543558,114.117803,22.568444,4
OK,5,1864,5407,114.035495,22.543255,114.063268,22.571174,5
OK,5,5419,17787,114.037278,22.543857,114.143039,22.622415,6
OK,5,3921,16579,114.073911,22.543844,113.938951,22.583475,7
OK,5,3600,8661,114.073911,22.543844,113.984458,22.547052,8
OK,5,2716,6030,114.112165,22.543822,114.048904,22.542505,9
OK,5,3624,27764,114.112165,22.543822,113.851317,22.578014,10
OK,5,3723,18450,114.085777,22.545223,113.89328,22.540202,11
OK,5,3985,18047,114.104547,22.54458,113.936375,22.521071,12
OK,5,4306,11669,114.141503,22.5441,114.021715,22.539099,13
OK,5,2543,4399,113.915385,22.545269,113.936375,22.521071,14
OK,5,4095,11808,113.919275,22.545949,113.995032,22.592971,15
OK,5,7166,22821,113.919275,22.545949,113.792266,22.654733,16
OK,5,4002,11763,113.920734,22.545046,113.995032,22.592971,17
OK,5,5001,19220,113.922679,22.545047,114.106112,22.566073,18
OK,5,8310,26647,113.924786,22.545349,114.13327,22.616822,19
OK,5,3295,5339,113.926083,22.5455,113.95547,22.571257,20
OK,5,3083,5886,113.932566,22.545654,113.882347,22.557594,21
OK,5,4142,11963,113.932566,22.545654,114.036388,22.568309,22
OK,5,4199,20536,113.945048,22.54596,114.074912,22.629485,23
OK,5,5646,19585,113.946507,22.545358,114.111263,22.587247,24
OK,5,3397,7864,113.946507,22.545358,113.875527,22.557722,25
OK,5,3609,9329,113.946507,22.545358,113.995032,22.592971,26
OK,5,4984,14425,113.946507,22.545358,114.037529,22.604214,27
OK,5,6756,29029,113.963526,22.545513,114.175786,22.637096,28
OK,5,4120,7969,113.963526,22.545513,114.044564,22.549642,29
OK,5,6310,21297,113.981519,22.545968,114.13327,22.616822,30
OK,5,5009,16356,113.981519,22.545968,114.065725,22.630241,31
OK,5,2051,2144,113.981519,22.545968,113.976879,22.562912,32
OK,5,3127,10569,113.984923,22.545517,113.913929,22.58467,33
OK,5,2975,10540,113.984923,22.545517,114.091237,22.551769,34
OK,5,4779,20904,113.986057,22.545667,114.13327,22.616822,35
OK,5,3315,11794,113.986057,22.545667,114.111267,22.546896,36
OK,5,2304,6810,113.986706,22.546721,114.036388,22.568309,37
OK,5,4306,11779,114.014975,22.546691,114.117803,22.568444,38
OK,3,2489,2887,114.025284,22.545064,114.001145,22.551385,39
OK,5,4386,8129,114.029823,22.545364,114.035787,22.620386,40
OK,5,5551,22237,114.134906,22.546042,113.932924,22.512241,41
OK,5,2712,4059,113.920247,22.546401,113.936375,22.521071,42
OK,5,2378,2447,114.002915,22.545969,114.018876,22.555473,43
OK,5,3794,8563,114.082665,22.546249,113.994165,22.549357,44
OK,5,3332,16514,114.093753,22.546664,113.949438,22.576986,45
OK,5,3441,17695,114.101145,22.546841,114.187868,22.642058,46
OK,5,2833,8545,114.10698,22.546385,114.032818,22.562563,47
OK,5,3159,13794,114.10698,22.546385,113.976879,22.562912,48
OK,5,2971,9355,114.110141,22.547061,114.018876,22.555473,49
OK,5,4572,23113,114.111599,22.546608,114.21945,22.675972,50
OK,5,3764,15779,114.113787,22.545929,114.005311,22.602089,51
OK,5,4212,22588,114.113787,22.545929,113.905778,22.577634,52
OK,5,3922,19460,114.117435,22.546604,113.948822,22.583699,53
OK,5,3530,8629,114.120109,22.545924,114.038587,22.55614,54
OK,5,6765,23299,114.120109,22.545924,113.888407,22.562797,55
OK,5,3408,5004,114.120109,22.545924,114.092766,22.570258,56
OK,5,5939,21088,114.124347,22.546566,113.910356,22.535248,57
OK,5,3526,15706,114.124347,22.546566,114.035787,22.620386,58
OK,5,2855,10146,114.124347,22.546566,114.032818,22.562563,59
OK,5,2982,11908,114.137268,22.546814,114.018876,22.555473,60
OK,4,4150,10360,114.137268,22.546814,114.048523,22.526119,61
OK,5,3852,25802,114.140047,22.54636,113.875527,22.557722,62
OK,5,4462,11630,114.140047,22.54636,114.032818,22.562563,63
OK,5,2252,11578,114.140047,22.54636,114.100313,22.624369,64
OK,5,2111,9399,114.140047,22.54636,114.048903,22.537399,65
OK,5,2559,10625,114.141505,22.545907,114.038587,22.55614,66
OK,4,4493,25124,114.141505,22.545907,113.913929,22.58467,67
OK,5,4215,13998,114.145395,22.545903,114.001145,22.551385,68
OK,5,2297,9852,114.145395,22.545903,114.048903,22.537399,69
OK,5,6737,33197,114.032335,22.547547,113.792266,22.654733,70
OK,5,1445,1359,114.070996,22.547986,114.081577,22.551673,71
OK,5,5284,19452,114.107953,22.547288,114.204036,22.651256,72
OK,5,4223,9171,114.114566,22.547193,114.032818,22.562563,73
OK,5,4656,18577,113.945047,22.547766,114.055668,22.629648,74
OK,5,2854,5723,113.960608,22.548223,114.008959,22.536167,75
OK,5,3557,11703,113.962067,22.548675,114.063268,22.571174,76
OK,5,4123,8758,113.975961,22.548677,114.064161,22.543344,77
OK,4,2773,11173,114.069537,22.548212,113.969891,22.5669,78
OK,3,1429,887,114.085584,22.548205,114.091237,22.551769,79
OK,5,2145,3452,114.088988,22.547751,114.056176,22.543841,80
OK,5,1864,2748,114.116707,22.548637,114.106112,22.566073,81
OK,5,4275,22831,114.118652,22.54841,113.899633,22.572352,82
OK,5,3692,24165,114.121894,22.548031,113.926225,22.489287,83
OK,5,2507,2895,114.127081,22.548328,114.117803,22.568444,84
OK,5,2177,8390,114.127081,22.548328,114.048903,22.537399,85
OK,5,6131,16525,114.127081,22.548328,113.969891,22.5669,86
OK,5,4251,15713,114.12935,22.547724,113.969302,22.539843,87
OK,5,7152,19525,114.12935,22.547724,113.960717,22.585452,88
OK,5,5582,14216,114.12935,22.547724,113.988784,22.558775,89
OK,5,6870,43250,114.140697,22.548015,113.792266,22.654733,90
OK,5,3075,14028,114.140697,22.548015,114.043453,22.597192,91
OK,5,4368,20259,114.140697,22.548015,114.21945,22.675972,92
OK,4,3057,8419,113.899335,22.548648,113.969891,22.5669,93
OK,5,3050,4660,113.923163,22.549113,113.882347,22.557594,94
OK,5,3211,11468,113.923163,22.549113,114.038587,22.55614,95
OK,5,7248,32256,113.924914,22.549204,114.175786,22.637096,96
OK,5,5011,12318,113.924914,22.549204,114.036388,22.568309,97
OK,5,3268,4965,113.927192,22.549824,113.882347,22.557594,98
OK,5,5199,16187,113.927192,22.549824,114.09872,22.551788,99
OK,5,2836,5862,113.928998,22.550019,113.933866,22.496437,100
OK,5,1953,1630,113.929971,22.549116,113.938914,22.541223,101
OK,5,5477,13208,113.929971,22.549116,114.047768,22.571203,102
OK,5,4899,16352,113.932889,22.549117,114.103197,22.544383,103
OK,5,4027,6710,114.011182,22.549131,114.080873,22.547009,104
OK,5,1863,4084,114.018671,22.549943,114.048903,22.537399,105
OK,5,4452,18287,114.074886,22.549113,114.175786,22.637096,106
OK,5,3343,10958,114.077318,22.548661,113.969302,22.539843,107
OK,5,3772,12143,114.108927,22.549847,114.065725,22.630241,108
OK,5,5693,22918,114.129108,22.548853,113.93288,22.502977,109
OK,3,3479,15810,113.946019,22.549574,114.099217,22.564735,110
OK,5,2507,8366,113.946019,22.549574,114.02841,22.556377,111
OK,5,3047,11478,114.035497,22.55003,113.948822,22.583699,112
OK,5,1539,3029,114.039874,22.550933,114.064161,22.543344,113
OK,5,3257,10600,114.055921,22.549573,113.948998,22.543288,114
OK,5,3097,13056,114.059812,22.549572,113.949438,22.576986,115
OK,5,4429,15196,114.06662,22.550472,113.919933,22.535375,116
OK,5,1326,3288,114.070024,22.550471,114.048903,22.537399,117
OK,5,3475,13917,114.070024,22.550471,113.949438,22.576986,118
OK,5,2681,5189,114.072164,22.549928,114.036388,22.568309,119
OK,5,3306,9185,114.077318,22.549564,114.116474,22.604406,120
OK,5,3954,21851,114.07975,22.549563,114.204036,22.651256,121
OK,5,4736,38806,114.07975,22.549563,113.800953,22.676551,122
OK,5,5779,15875,114.082668,22.550013,113.948822,22.583699,123
OK,5,3620,17471,114.082668,22.550013,114.175786,22.637096,124
OK,5,3382,17808,114.085585,22.549861,113.910356,22.535248,125
OK,5,2074,3650,114.088827,22.549859,114.056176,22.543841,126
OK,5,5868,19986,114.088827,22.549859,113.888407,22.562797,127
OK,5,3899,10642,114.089962,22.550009,113.991793,22.535232,128
OK,5,4142,19995,114.089962,22.550009,113.899633,22.572352,129
OK,5,4670,24786,114.089962,22.550009,114.21945,22.675972,130
OK,5,3553,8725,114.09395,22.550639,114.001145,22.551385,131
OK,5,3854,17761,114.09395,22.550639,113.938951,22.583475,132
OK,5,4504,10623,114.09395,22.550639,113.988784,22.558775,133
OK,5,6490,21544,114.09395,22.550639,113.876461,22.563243,134
OK,5,5209,15373,114.094096,22.550233,113.938914,22.541223,135
OK,5,4671,10722,114.094096,22.550233,114.065725,22.630241,136
OK,5,2917,15499,114.106497,22.550677,113.966849,22.526076,137
OK,5,4099,26429,114.01021,22.550486,113.809026,22.626525,138
OK,5,3365,12043,114.081696,22.551369,113.961959,22.542619,139
OK,5,3370,5308,113.935319,22.551828,113.913929,22.58467,140
OK,5,4563,34500,114.026906,22.553345,113.805822,22.690927,141
OK,5,6197,17426,114.050897,22.551682,113.876461,22.563243,142
OK,5,3824,8794,114.064189,22.55228,114.074912,22.629485,143
OK,5,5326,20438,114.077806,22.551822,113.926225,22.489287,144
OK,5,4710,32867,114.080237,22.551369,113.809026,22.626525,145
OK,5,3200,8372,114.083641,22.551368,114.043453,22.597192,146
OK,5,3609,17181,114.088828,22.551666,113.938951,22.583475,147
OK,5,3656,15550,114.088828,22.551666,113.949438,22.576986,148
OK,5,4723,18101,114.091422,22.551815,114.187868,22.642058,149
OK,5,3887,22440,114.091422,22.551815,114.213148,22.661689,150
OK,5,2792,7202,114.095313,22.551813,114.108873,22.610626,151
OK,5,7231,25704,114.099203,22.552262,113.851317,22.578014,152
OK,5,3455,7228,114.099203,22.552262,114.032818,22.562563,153
OK,5,4162,25340,114.099203,22.552262,114.22332,22.68866,154
OK,5,6013,21045,114.099203,22.552262,113.933866,22.496437,155
OK,5,3628,19628,114.100662,22.55181,113.932924,22.512241,156
OK,5,6100,21135,114.100662,22.55181,113.933866,22.496437,157
OK,5,3432,19525,114.102445,22.551658,114.204036,22.651256,158
OK,5,3408,21428,114.102445,22.551658,114.213148,22.661689,159
OK,5,2801,11313,114.102445,22.551658,113.988784,22.558775,160
OK,5,2767,12841,114.102445,22.551658,113.976879,22.562912,161
OK,4,5972,22718,114.102445,22.551658,113.926225,22.489287,162
OK,5,3996,21180,114.104552,22.551355,113.905778,22.577634,163
OK,5,6334,39544,114.104552,22.551355,113.792266,22.654733,164
OK,5,5161,15049,114.11282,22.552404,113.961959,22.542619,165
OK,5,5573,19697,114.11282,22.552404,113.919933,22.535375,166
OK,5,7715,26959,114.11282,22.552404,113.851317,22.578014,167
OK,5,3965,15036,114.11282,22.552404,114.005311,22.602089,168
OK,5,3449,18136,114.117034,22.551949,114.204036,22.651256,169
OK,5,3275,8389,114.124166,22.551643,114.105603,22.617603,170
OK,5,4274,9478,114.143456,22.551325,114.063268,22.571174,171
OK,5,3453,5111,113.931915,22.55273,113.882347,22.557594,172
OK,5,3723,9216,113.966929,22.552741,114.056176,22.543841,173
OK,5,4357,14861,114.03647,22.552289,113.888407,22.562797,174
OK,5,2495,11989,114.067107,22.552279,113.966849,22.526076,175
OK,5,3705,10507,114.074402,22.552727,114.125354,22.609764,176
OK,5,4228,9647,114.074402,22.552727,114.100313,22.624369,177
OK,5,3972,13850,114.130327,22.552692,114.065725,22.630241,178
OK,5,2424,5915,114.13746,22.552836,114.111263,22.587247,179
OK,5,2964,9540,114.007778,22.554664,114.099217,22.564735,180
OK,5,2850,8710,114.009724,22.553648,113.948822,22.583699,181
OK,5,3965,13390,114.009724,22.553648,113.876461,22.563243,182
OK,5,4517,16149,114.012885,22.553647,114.125354,22.609764,183
OK,5,2404,12073,114.030797,22.553494,113.936375,22.521071,184
OK,5,1214,3233,114.032094,22.553645,114.056176,22.543841,185
OK,5,1030,2690,114.032094,22.553645,114.048904,22.542505,186
OK,5,2024,2984,114.035012,22.553418,114.047768,22.571203,187
OK,5,2478,7381,114.039551,22.553794,114.111267,22.546896,188
OK,5,2588,8061,114.040847,22.553643,113.969302,22.539843,189
OK,5,2170,3159,114.040847,22.553643,114.054635,22.572213,190
OK,5,2821,15172,114.040847,22.553643,113.882347,22.557594,191
OK,5,4177,21003,114.040847,22.553643,114.175786,22.637096,192
OK,5,5889,33530,114.042598,22.553733,113.792266,22.654733,193
OK,5,4600,15858,114.048628,22.553641,113.888407,22.562797,194
OK,5,2464,8767,114.049601,22.55364,113.969891,22.5669,195
OK,5,6458,34448,114.052519,22.55379,113.792266,22.654733,196
OK,5,2216,2968,114.052519,22.55379,114.036388,22.568309,197
OK,5,2549,2757,114.052519,22.55379,114.063268,22.571174,198
OK,5,3590,6985,114.063542,22.554489,113.994165,22.549357,199
OK,5,3472,16831,114.066028,22.554588,113.889573,22.550766,200
OK,5,4079,20188,114.066028,22.554588,114.187868,22.642058,201
OK,5,3346,17716,114.068081,22.554085,113.898511,22.535152,202
OK,5,3402,10492,114.102122,22.553615,113.994165,22.549357,203
OK,5,2089,4623,114.127735,22.554049,114.089474,22.56452,204
OK,5,2891,7913,114.012317,22.554701,113.960717,22.585452,205
OK,5,2973,5934,114.022368,22.554776,114.081995,22.558501,206
OK,5,2872,6265,114.094099,22.554975,114.02841,22.556377,207
OK,5,3061,6626,114.106986,22.554516,114.048904,22.542505,208
OK,5,3196,6861,114.153186,22.555382,114.089474,22.56452,209
OK,5,4809,30421,114.153186,22.555382,113.851317,22.578014,210
OK,5,3874,10053,113.905166,22.555878,114.009367,22.552498,211
OK,5,5751,19619,113.905166,22.555878,114.103197,22.544383,212
OK,5,4656,14984,113.920403,22.556263,114.048523,22.526119,213
OK,5,4446,21975,113.932399,22.555892,114.108873,22.610626,214
OK,5,5060,19293,113.938235,22.555895,114.111263,22.587247,215
OK,2,6612,36306,113.938235,22.555895,114.213148,22.661689,216
OK,5,5263,15238,113.940423,22.556573,114.09872,22.551788,217
OK,2,8953,38062,113.940423,22.556573,114.21945,22.675972,218
OK,5,8102,35353,113.987353,22.556358,114.22332,22.68866,219
OK,5,5071,12919,114.012155,22.555906,113.875527,22.557722,220
OK,5,1684,1563,114.012155,22.555906,114.02841,22.556377,221
OK,5,5323,14540,114.012155,22.555906,114.108873,22.610626,222
OK,5,6730,26862,114.018153,22.556809,114.204036,22.651256,223
OK,5,4769,6236,114.020423,22.556131,114.025354,22.613356,224
OK,5,2223,3775,114.020423,22.556131,114.055492,22.551104,225
OK,5,3485,13181,114.022854,22.556356,113.888407,22.562797,226
OK,5,3059,3515,114.024638,22.556507,114.008959,22.536167,227
OK,5,4851,34743,114.024638,22.556507,113.812833,22.705061,228
OK,5,2956,12934,114.026259,22.556356,113.910356,22.535248,229
OK,5,2705,7602,114.026259,22.556356,114.092766,22.570258,230
OK,5,3021,16363,114.029663,22.555904,113.926225,22.489287,231
OK,5,2044,7832,114.031608,22.555903,113.961959,22.542619,232
OK,5,4213,14176,114.031608,22.555903,114.125354,22.609764,233
OK,5,3753,11896,114.114768,22.556317,114.008959,22.536167,234
OK,5,2972,6717,113.957396,22.557346,114.02841,22.556377,235
OK,5,4633,9773,113.957396,22.557346,114.055492,22.551104,236
OK,5,7676,31832,114.027961,22.557033,113.792266,22.654733,237
OK,5,3845,13523,114.031608,22.557258,113.910356,22.535248,238
OK,5,2351,6276,114.041043,22.556985,113.984458,22.547052,239
OK,5,3714,7041,114.115742,22.55722,114.105603,22.617603,240
OK,5,4334,7625,114.118659,22.556766,114.044564,22.549642,241
OK,5,6510,21565,113.912946,22.55769,114.065725,22.630241,242
OK,5,2530,3584,113.918619,22.557994,113.938914,22.541223,243
OK,5,7271,27420,113.918619,22.557994,114.143039,22.622415,244
OK,5,4743,12166,113.93483,22.5577,114.048904,22.542505,245
OK,5,5720,11951,113.941638,22.558154,114.054635,22.572213,246
OK,5,4349,14570,113.941638,22.558154,114.084487,22.570588,247
OK,5,3269,6072,113.950587,22.558248,113.910356,22.535248,248
OK,5,4840,20041,113.950587,22.558248,114.108873,22.610626,249
OK,5,5745,11495,113.96174,22.558763,114.043453,22.597192,250
OK,5,4815,11063,113.966765,22.55786,114.025354,22.613356,1
OK,5,2598,3412,113.966765,22.55786,113.994165,22.549357,2
OK,5,2380,4069,113.974343,22.560478,114.009367,22.552498,3
OK,5,2605,5247,113.978113,22.558766,113.948822,22.583699,4
OK,5,1729,2892,113.978113,22.558766,114.001145,22.551385,5
OK,5,2983,10126,113.978113,22.558766,114.037529,22.604214,6
OK,5,5219,9219,113.986056,22.558315,114.025354,22.613356,7
OK,5,5158,29701,113.986056,22.558315,114.204036,22.651256,8
OK,5,4925,30963,113.986056,22.558315,113.812833,22.705061,9
OK,5,5560,12542,113.986056,22.558315,113.926225,22.489287,10
OK,5,7799,29595,113.987839,22.557713,114.204036,22.651256,11
OK,5,1515,2532,113.987839,22.557713,114.009367,22.552498,12
OK,5,3044,9699,113.988326,22.558164,113.899633,22.572352,13
OK,5,3346,10705,113.988326,22.558164,114.035787,22.620386,14
OK,5,3771,10934,113.988326,22.558164,114.09872,22.551788,15
OK,5,5255,31190,113.988326,22.558164,113.812833,22.705061,16
OK,4,1462,4869,113.989947,22.558014,114.021715,22.539099,17
OK,5,3082,5303,113.989947,22.558014,113.948998,22.543288,18
OK,5,4484,6801,114.012155,22.558164,114.025354,22.613356,19
OK,5,4197,16418,114.035985,22.558613,114.143039,22.622415,20
OK,5,1960,5212,114.041821,22.558353,114.084487,22.570588,21
OK,5,2898,8994,114.04474,22.559288,113.969302,22.539843,22
OK,5,1195,1578,114.100666,22.557682,114.103197,22.544383,23
OK,5,3013,6871,114.100666,22.557682,114.048903,22.537399,24
OK,5,3205,6776,114.106405,22.55822,114.047768,22.571203,25
OK,5,5188,18255,113.910027,22.558591,114.099217,22.564735,26
OK,5,4377,9414,114.031609,22.558613,114.055668,22.629648,27
OK,5,4192,12033,114.117202,22.558574,114.037529,22.604214,28
OK,5,3003,3857,113.964009,22.559516,113.948822,22.583699,29
OK,5,4156,16252,113.966278,22.560119,114.111263,22.587247,30
OK,5,3412,10390,113.978923,22.55982,114.081577,22.551673,31
OK,5,2382,4367,114.009238,22.559971,113.969891,22.5669,32
OK,5,1718,2610,114.028788,22.560421,114.009367,22.552498,33
OK,5,2065,4144,114.028691,22.559517,114.056176,22.543841,34
OK,5,4431,10592,114.028691,22.559517,114.065725,22.630241,35
OK,5,3052,11029,114.036959,22.559967,113.938914,22.541223,36
OK,5,2843,7384,114.038417,22.559515,114.005311,22.602089,37
OK,5,3478,11791,114.042795,22.560676,114.100313,22.624369,38
OK,5,4035,15919,114.057508,22.564365,113.888407,22.562797,39
OK,5,5044,37013,114.057508,22.564365,113.812833,22.705061,40
OK,5,3079,5859,114.073271,22.559804,114.125013,22.570069,41
OK,5,4751,14223,114.075541,22.559803,113.948822,22.583699,42
OK,5,4439,11137,114.075541,22.559803,114.13327,22.616822,43
OK,5,7626,22737,114.075541,22.559803,113.851317,22.578014,44
OK,5,5557,20621,114.082187,22.559499,114.204036,22.651256,45
OK,5,5335,18193,114.089482,22.559947,113.936375,22.521071,46
OK,5,2451,5391,114.089482,22.559947,114.055952,22.537491,47
OK,5,2505,5648,114.090779,22.559795,114.048904,22.542505,48
OK,5,3248,11242,114.090779,22.559795,114.035787,22.620386,49
OK,5,3199,5815,114.092886,22.559493,114.048904,22.542505,50
OK,5,1902,4061,114.092886,22.559493,114.125013,22.570069,51
OK,5,4032,16234,114.096777,22.559491,113.948822,22.583699,52
OK,5,3217,9105,114.096777,22.559491,114.074912,22.629485,53
OK,5,5851,20978,114.096777,22.559491,113.93288,22.502977,54
OK,5,3534,4673,113.937261,22.560411,113.905778,22.577634,55
OK,5,3320,7875,113.970817,22.560872,113.888407,22.562797,56
OK,5,3968,13521,114.033392,22.561022,113.913929,22.58467,57
OK,5,2740,3641,114.07165,22.560709,114.044564,22.549642,58
OK,5,6445,45608,114.154327,22.560952,113.805822,22.690927,59
OK,5,5530,22600,114.171917,22.561348,113.948998,22.543288,60
OK,5,8026,27731,114.171917,22.561348,113.876461,22.563243,61
OK,5,2247,4643,113.91116,22.561603,113.938914,22.541223,62
OK,5,5174,12948,113.919682,22.562597,114.044564,22.549642,63
OK,5,2851,4941,113.933856,22.561313,113.960717,22.585452,64
OK,5,5079,13419,113.937746,22.561315,114.025354,22.613356,65
OK,5,2142,2867,113.937746,22.561315,113.948998,22.543288,66
OK,5,3501,5554,113.937746,22.561315,113.889573,22.550766,67
OK,5,4356,18582,113.937746,22.561315,113.809026,22.626525,68
OK,5,3903,7564,113.937746,22.561315,114.009367,22.552498,69
OK,5,4409,13559,113.946987,22.56177,114.089474,22.56452,70
OK,5,6359,17295,113.948932,22.561319,114.125013,22.570069,71
OK,5,6251,16459,113.948932,22.561319,114.117803,22.568444,72
OK,5,2907,5851,113.950877,22.561319,113.905778,22.577634,73
OK,5,3008,6627,113.950877,22.561319,113.932924,22.512241,74
OK,5,4260,10781,113.950877,22.561319,114.055492,22.551104,75
OK,5,3480,9601,113.966926,22.561926,114.048904,22.542505,76
OK,5,3548,16886,113.966926,22.561926,114.074912,22.629485,77
OK,5,2936,8696,113.969601,22.563018,113.889573,22.550766,78
OK,5,5106,28182,113.969601,22.563018,113.805822,22.690927,79
OK,5,7326,28955,113.969601,22.563018,113.812833,22.705061,80
OK,5,3240,17525,113.971887,22.564305,114.116474,22.604406,81
OK,5,5201,19643,114.102128,22.561746,113.919933,22.535375,82
OK,5,2533,6491,114.102128,22.561746,114.100313,22.624369,83
OK,5,3765,18165,114.136657,22.561269,113.961959,22.542619,84
OK,5,3317,8470,114.031609,22.562227,113.961959,22.542619,85
OK,5,2915,6798,114.0355,22.562226,113.991793,22.535232,86
OK,5,7718,26595,114.140549,22.562169,113.865868,22.572004,87
OK,5,5286,17599,114.164866,22.562146,113.976879,22.562912,88
OK,5,3255,6716,114.166811,22.562144,114.111267,22.546896,89
OK,5,3928,9439,114.17119,22.563688,114.087855,22.547125,90
OK,5,4380,14051,114.17119,22.563688,114.048903,22.537399,91
OK,5,6011,25422,113.934179,22.563421,114.143039,22.622415,92
OK,5,4867,11680,113.934179,22.563421,114.044564,22.549642,93
OK,5,7960,17962,113.936449,22.563422,114.111267,22.546896,94
OK,5,4500,6497,113.937745,22.563573,113.966849,22.526076,95
OK,4,11326,37604,113.937745,22.563573,114.21945,22.675972,96
OK,5,6860,9558,113.938718,22.564025,113.851317,22.578014,97
OK,5,6638,14986,113.939691,22.563574,114.099217,22.564735,98
OK,5,6829,16730,113.944068,22.563124,114.117803,22.568444,99
OK,5,6741,17429,113.945041,22.563576,114.125013,22.570069,100
OK,5,3307,9996,113.964008,22.563581,113.865868,22.572004,101
OK,5,5609,11019,113.964008,22.563581,113.926225,22.489287,102
OK,5,2570,4329,113.967412,22.56313,114.001145,22.551385,103
OK,5,7566,22354,113.967412,22.56313,114.143039,22.622415,104
OK,5,3707,14950,113.976004,22.564035,114.111263,22.587247,105
OK,5,3251,13643,113.977626,22.563584,114.103197,22.544383,106
OK,5,3038,7305,113.977626,22.563584,114.047768,22.571203,107
OK,5,4063,15048,114.028449,22.56426,113.898511,22.535152,108
OK,5,3028,4723,114.028449,22.56426,114.043453,22.597192,109
OK,5,5182,15073,114.029664,22.563583,113.89328,22.540202,110
OK,5,5218,10090,114.029664,22.563583,114.065725,22.630241,111
OK,4,3786,15228,114.03161,22.56313,113.898511,22.535152,112
OK,5,6440,22534,114.03161,22.56313,114.187868,22.642058,113
OK,5,4387,6171,114.03161,22.56313,114.035787,22.620386,114
OK,5,3546,8959,114.03161,22.56313,114.055668,22.629648,115
OK,5,2894,6016,114.03161,22.56313,113.984458,22.547052,116
OK,5,5575,9069,113.942609,22.564027,113.926225,22.489287,117
OK,5,3823,16846,113.946013,22.564028,114.055668,22.629648,118
OK,5,4226,21344,114.095807,22.564008,113.93288,22.502977,119
OK,5,4756,14164,113.978112,22.565391,114.125013,22.570069,120
OK,5,3461,17631,114.112021,22.566708,113.966849,22.526076,121
OK,5,2350,6732,114.122141,22.566184,114.105603,22.617603,122
OK,5,6759,23664,114.127421,22.565944,113.876461,22.563243,123
OK,5,6992,24991,114.127421,22.565944,113.865868,22.572004,124
OK,5,3939,20576,114.136661,22.564882,114.22332,22.68866,125
OK,5,3214,3866,114.140066,22.565331,114.099217,22.564735,126
OK,4,2986,13483,114.140066,22.565331,114.065725,22.630241,127
OK,5,8029,16858,114.154981,22.565468,113.976879,22.562912,128
OK,5,6722,20637,114.160817,22.565763,113.960717,22.585452,129
OK,5,7024,16592,114.160817,22.565763,114.21945,22.675972,130
OK,5,9312,30280,114.162438,22.56531,113.851317,22.578014,131
OK,5,3260,11752,114.162438,22.56531,114.100313,22.624369,132
OK,5,8311,26864,114.162438,22.56531,113.876461,22.563243,133
OK,5,5519,19258,114.166004,22.565156,113.991793,22.535232,134
OK,5,6629,22507,114.166004,22.565156,113.966849,22.526076,135
OK,5,2879,5685,113.947958,22.565835,113.919933,22.535375,136
OK,5,2421,7613,113.967898,22.566292,114.038587,22.55614,137
OK,5,2101,5843,113.967898,22.566292,114.018876,22.555473,138
OK,5,5794,14822,113.967898,22.566292,114.103197,22.544383,139
OK,5,4922,28467,113.967898,22.566292,113.812833,22.705061,140
OK,5,4249,15388,113.968871,22.566292,114.111263,22.587247,141
OK,5,4908,26268,113.970492,22.566443,114.175786,22.637096,142
OK,5,4326,21116,113.970492,22.566443,113.809026,22.626525,143
OK,5,3451,15091,114.055766,22.566135,113.913929,22.58467,144
OK,5,2091,1527,114.11348,22.566707,114.099217,22.564735,145
OK,5,2836,8379,114.11348,22.566707,114.143039,22.622415,146
OK,5,3940,5873,114.11348,22.566707,114.105603,22.617603,147
OK,5,8516,26630,114.157455,22.567235,113.889573,22.550766,148
OK,5,4545,7733,114.157455,22.567235,114.091237,22.551769,149
OK,5,3551,6826,114.162764,22.567267,114.092766,22.570258,150
OK,5,3088,11543,113.968287,22.56837,114.035787,22.620386,151
OK,5,4051,11080,114.06063,22.56794,113.960717,22.585452,152
OK,5,5508,18684,114.062576,22.568542,113.865868,22.572004,153
OK,5,3677,7047,114.084137,22.567628,114.105603,22.617603,154
OK,5,5418,21288,114.100188,22.568703,113.932924,22.512241,155
OK,5,4076,15138,114.101646,22.567618,113.969302,22.539843,156
OK,5,3037,5854,114.101646,22.567618,114.100313,22.624369,157
OK,5,8156,21633,114.103591,22.567617,113.882347,22.557594,158
OK,5,4693,15996,114.10651,22.567615,113.961959,22.542619,159
OK,5,2897,8852,114.110563,22.568215,114.02841,22.556377,160
OK,5,4226,13282,114.113319,22.568514,113.976879,22.562912,161
OK,5,4199,10318,114.113319,22.568514,114.048523,22.526119,162
OK,5,6181,35036,114.121587,22.568056,113.809026,22.626525,163
OK,5,3980,23571,114.12684,22.568865,113.910356,22.535248,164
OK,5,2276,9774,114.12684,22.568865,114.055952,22.537491,165
OK,5,5295,15896,114.166089,22.567791,114.21945,22.675972,166
OK,5,6108,35788,113.951361,22.568998,114.21945,22.675972,167
OK,5,4332,11967,113.964493,22.56855,114.081995,22.558501,168
OK,5,5496,36252,113.964493,22.56855,114.22332,22.68866,169
OK,5,3222,10948,113.965952,22.569002,114.056176,22.543841,170
OK,5,3866,11947,113.965952,22.569002,114.092766,22.570258,171
OK,5,5247,12277,114.028206,22.569455,113.899633,22.572352,172
OK,5,6753,23597,114.11709,22.570205,113.865868,22.572004,173
OK,5,4180,6148,114.119156,22.568961,114.13327,22.616822,174
OK,5,4378,13871,114.119156,22.568961,113.976879,22.562912,175
OK,5,1798,5304,114.119644,22.570316,114.087855,22.547125,176
OK,5,5883,22746,114.107484,22.570325,114.22332,22.68866,177
OK,5,3555,5965,114.118996,22.570919,114.13327,22.616822,178
OK,5,5569,22357,114.12013,22.570316,113.888407,22.562797,179
OK,5,4810,17587,114.124994,22.570312,113.969302,22.539843,180
OK,5,1892,3206,114.126777,22.570612,114.092766,22.570258,181
OK,5,4193,11785,114.126777,22.570612,114.048523,22.526119,182
OK,5,6979,40186,114.132614,22.570908,113.792266,22.654733,183
OK,5,6530,23581,114.132614,22.570908,113.888407,22.562797,184
OK,5,2537,5959,114.134884,22.570906,114.143039,22.622415,185
OK,5,2883,12122,114.134884,22.570906,114.187868,22.642058,186
OK,5,2999,12436,114.134884,22.570906,114.037529,22.604214,187
OK,5,1963,4730,114.134884,22.570906,114.084487,22.570588,188
OK,5,3483,14992,114.136667,22.570754,113.988784,22.558775,189
OK,5,3426,10715,114.136667,22.570754,114.044564,22.549642,190
OK,5,2342,12049,114.140558,22.570751,114.074912,22.629485,191
OK,5,2930,10226,113.912937,22.571241,114.001145,22.551385,192
OK,5,4284,20102,113.912937,22.571241,114.111263,22.587247,193
OK,5,4982,31149,113.912937,22.571241,114.175786,22.637096,194
OK,5,2656,4969,113.920232,22.571696,113.889573,22.550766,195
OK,5,4578,13815,113.920232,22.571696,114.044564,22.549642,196
OK,5,5156,13369,113.927042,22.571699,114.025354,22.613356,197
OK,5,4624,5733,113.927042,22.571699,113.865868,22.572004,198
OK,5,5794,17166,113.928014,22.5717,114.106112,22.566073,199
OK,5,4592,5824,113.928014,22.5717,113.865868,22.572004,200
OK,5,2844,6641,114.054471,22.571857,114.035787,22.620386,201
OK,5,2344,5733,113.915044,22.573048,113.969891,22.5669,202
OK,5,2230,5279,113.948117,22.573514,113.988784,22.558775,203
OK,5,3691,4690,114.107324,22.572734,114.105603,22.617603,204
OK,5,4049,24528,113.952657,22.573666,113.800953,22.676551,205
OK,5,3656,8645,114.038259,22.573367,113.949438,22.576986,206
OK,5,3504,8412,114.043123,22.573667,113.95547,22.571257,207
OK,5,4068,19410,114.043123,22.573667,113.926225,22.489287,208
OK,5,3691,7631,114.044744,22.573065,114.111263,22.587247,209
OK,5,2158,4129,114.052526,22.573514,114.064161,22.543344,210
OK,5,3295,3032,114.053985,22.573062,114.032818,22.562563,211
OK,1,3817,5151,114.054472,22.573664,114.080873,22.547009,212
OK,0,Array,Array,114.054472,22.573664,114.081995,22.558501,213
OK,0,Array,Array,114.054472,22.573664,114.089474,22.56452,214
OK,0,Array,Array,114.054472,22.573664,114.02841,22.556377,215
OK,1,6608,5153,114.054472,22.573664,114.018876,22.555473,216
OK,5,9156,25707,114.054472,22.573664,114.21945,22.675972,217
OK,0,Array,Array,114.054472,22.573664,114.048903,22.537399,218
OK,5,3080,17998,114.058363,22.573361,113.882347,22.557594,219
OK,5,1663,4132,114.061767,22.573059,114.055952,22.537491,220
OK,5,6354,30252,114.076456,22.573775,113.809026,22.626525,221
OK,5,5637,23365,114.079763,22.573503,114.21945,22.675972,222
OK,5,3118,6203,114.083654,22.573275,114.116474,22.604406,223
OK,5,3856,9218,114.083654,22.573275,114.035787,22.620386,224
OK,5,4309,8300,114.083654,22.573275,114.055668,22.629648,225
OK,5,3636,10857,114.091827,22.575213,114.001145,22.551385,226
OK,4,1787,1606,114.106028,22.573488,114.117803,22.568444,227
OK,5,5083,14950,114.106028,22.573488,113.949438,22.576986,228
OK,5,6025,22535,114.106028,22.573488,113.865868,22.572004,229
OK,5,4711,24299,114.11916,22.573478,113.875527,22.557722,230
OK,5,3701,8848,114.126456,22.573473,114.064161,22.543344,231
OK,5,1785,2644,114.126456,22.573473,114.106112,22.566073,232
OK,5,2625,3465,114.126456,22.573473,114.092766,22.570258,233
OK,5,1895,4099,114.126456,22.573473,114.111267,22.546896,234
OK,5,3780,13632,114.127914,22.57302,114.025354,22.613356,235
OK,5,4525,25069,114.127914,22.57302,113.875527,22.557722,236
OK,5,2584,10657,114.131319,22.573469,114.055952,22.537491,237
OK,5,3028,4701,113.934153,22.576163,113.948998,22.543288,238
OK,4,5423,32737,113.934153,22.576163,114.204036,22.651256,239
OK,0,Array,Array,114.055445,22.574416,114.080873,22.547009,240
OK,0,Array,Array,114.055445,22.574416,114.081995,22.558501,241
OK,0,Array,Array,114.055445,22.574416,114.089474,22.56452,242
OK,1,5796,4341,114.055445,22.574416,114.02841,22.556377,243
OK,0,Array,Array,114.055445,22.574416,114.048903,22.537399,244
OK,5,4304,25338,114.127429,22.574375,113.93288,22.502977,245
OK,5,6018,17681,114.12905,22.574224,113.980332,22.53638,246
OK,1,6704,4490,114.052041,22.575321,114.081995,22.558501,247
OK,0,Array,Array,114.052041,22.575321,114.037529,22.604214,248
OK,0,Array,Array,114.052041,22.575321,114.092766,22.570258,249
OK,0,Array,Array,114.052041,22.575321,114.048903,22.537399,250
OK,1,6864,4129,114.053986,22.574869,114.064161,22.543344,251
OK,0,Array,Array,114.053986,22.574869,114.081995,22.558501,252
OK,0,Array,Array,114.053986,22.574869,114.089474,22.56452,253
OK,1,5556,4250,114.053986,22.574869,114.02841,22.556377,254
OK,0,Array,Array,114.053986,22.574869,114.037529,22.604214,255
OK,0,Array,Array,114.053986,22.574869,114.092766,22.570258,256
OK,0,Array,Array,114.053986,22.574869,114.048903,22.537399,257
OK,0,Array,Array,114.052041,22.576224,114.037529,22.604214,258
OK,1,5694,4212,114.052041,22.576224,114.048903,22.537399,259
OK,1,6763,4430,114.0535,22.576073,114.081995,22.558501,260
OK,0,Array,Array,114.0535,22.576073,114.089474,22.56452,261
OK,0,Array,Array,114.0535,22.576073,114.037529,22.604214,262
OK,0,Array,Array,114.0535,22.576073,114.092766,22.570258,263
OK,0,Array,Array,114.0535,22.576073,114.055952,22.537491,264
OK,1,5833,4332,114.0535,22.576073,114.048903,22.537399,265
OK,1,5545,4167,114.050582,22.577128,114.048903,22.537399,266
OK,5,4812,31337,113.920877,22.578171,114.187868,22.642058,267
OK,5,4897,8706,113.920877,22.578171,113.93288,22.502977,268
OK,5,4026,16189,113.928497,22.578475,114.064161,22.543344,269
OK,5,3352,9058,113.928497,22.578475,113.994165,22.549357,270
OK,5,4819,6571,113.929632,22.577874,113.961959,22.542619,271
OK,5,3726,10355,113.944224,22.57818,114.047768,22.571203,272
OK,5,4744,27244,113.947467,22.578031,114.175786,22.637096,273
OK,5,5354,36882,113.947467,22.578031,114.22332,22.68866,274
OK,5,5366,15645,113.951682,22.578484,114.106112,22.566073,275
OK,5,4369,14252,113.951682,22.578484,114.089474,22.56452,276
OK,4,2471,5470,113.951682,22.578484,113.899633,22.572352,277
OK,5,5295,17821,113.953628,22.577882,114.111267,22.546896,278
OK,5,3003,4705,114.055933,22.577578,114.02841,22.556377,279
OK,5,2646,7010,114.055933,22.577578,114.074912,22.629485,280
OK,5,5486,12312,114.08009,22.57817,113.95547,22.571257,281
OK,5,4692,16416,114.082684,22.577868,113.913929,22.58467,282
OK,5,6526,37997,114.082684,22.577868,113.812833,22.705061,283
OK,5,6081,20698,114.082684,22.577868,113.876461,22.563243,284
OK,5,3698,11630,114.105643,22.578818,114.009367,22.552498,285
OK,5,4183,7628,113.929956,22.579078,113.969302,22.539843,286
OK,5,3630,16748,113.948439,22.578935,114.09872,22.551788,287
OK,5,4524,10334,114.082036,22.579073,114.001145,22.551385,288
OK,5,9276,34647,114.082036,22.579073,113.792266,22.654733,289
OK,5,2125,3213,114.136513,22.578734,114.111263,22.587247,290
OK,5,3151,9550,113.951844,22.580291,114.02841,22.556377,291
OK,5,2841,5162,114.137487,22.58054,114.099217,22.564735,292
OK,5,3571,14386,113.942358,22.581869,114.084487,22.570588,293
OK,0,Array,Array,114.071809,22.583074,114.081577,22.551673,294
OK,5,5492,6740,114.071809,22.583074,114.02841,22.556377,295
OK,5,3645,4446,114.10117,22.581621,114.111267,22.546896,296
OK,5,5040,15893,114.10117,22.582254,113.980332,22.53638,297
OK,4,4264,13411,114.103116,22.58162,113.994165,22.549357,298
OK,5,4097,12241,114.107007,22.581617,114.021715,22.539099,299
OK,5,3576,16075,114.107007,22.581617,114.204036,22.651256,300
OK,5,4093,15498,114.11333,22.582065,113.948822,22.583699,301
OK,5,5778,38656,114.11333,22.582065,113.800953,22.676551,302
OK,5,2204,5484,114.11333,22.582065,114.100313,22.624369,303
OK,5,2972,3847,114.11333,22.582065,114.084487,22.570588,304
OK,5,4297,26478,114.132786,22.581147,113.898511,22.535152,305
OK,5,1925,7391,114.132786,22.581147,114.100313,22.624369,306
OK,5,8602,25802,114.132786,22.581147,113.865868,22.572004,307
OK,4,3976,26324,114.13838,22.581819,113.889573,22.550766,308
OK,5,3744,24959,114.13838,22.581819,113.936375,22.521071,309
OK,5,2597,10400,114.13838,22.581819,114.043453,22.597192,310
OK,5,4382,26288,114.13838,22.581819,113.876461,22.563243,311
OK,5,4346,14184,113.923144,22.583893,114.035787,22.620386,312
OK,5,3664,17186,113.923144,22.583893,114.092766,22.570258,313
OK,5,3728,8799,113.9319,22.582693,114.005311,22.602089,314
OK,5,1926,2161,113.934332,22.582091,113.913929,22.58467,315
OK,5,5038,15158,113.934332,22.582091,114.084487,22.570588,316
OK,5,2797,13859,113.943574,22.582547,114.048904,22.542505,317
OK,5,3077,14374,113.943574,22.582547,114.048903,22.537399,318
OK,0,Array,Array,114.072765,22.583534,114.081577,22.551673,319
OK,5,6916,24350,114.107657,22.583273,113.898511,22.535152,320
OK,5,3255,12010,114.139111,22.5834,114.032818,22.562563,321
OK,5,2931,11098,114.139111,22.5834,114.036388,22.568309,322
OK,5,3924,15010,113.96076,22.58481,114.080873,22.547009,323
OK,0,Array,Array,114.073446,22.584798,114.081577,22.551673,324
OK,0,Array,Array,114.073446,22.584798,114.043453,22.597192,325
OK,5,6293,25053,114.111145,22.586583,113.93288,22.502977,326
OK,5,4297,20409,114.130359,22.587021,113.913929,22.58467,327
OK,5,4716,5195,114.130359,22.587021,114.092766,22.570258,328
OK,5,4147,20268,114.131818,22.586568,113.961959,22.542619,329
OK,5,3964,13665,114.131818,22.586568,114.018876,22.555473,330
OK,5,3489,14833,114.134251,22.58762,114.213148,22.661689,331
OK,5,5065,9421,114.138467,22.587164,114.080873,22.547009,332
OK,5,5762,27688,114.138467,22.587164,113.851317,22.578014,333
OK,5,4368,18446,113.946004,22.587516,114.125013,22.570069,334
OK,5,4467,7603,113.946004,22.587516,113.936375,22.521071,335
OK,5,3333,15291,113.94795,22.587517,114.065725,22.630241,336
OK,5,3164,16071,113.94795,22.587517,114.074912,22.629485,337
OK,5,5733,35880,113.94795,22.587517,114.22332,22.68866,338
OK,5,4818,14286,113.949895,22.587517,114.048903,22.537399,339
OK,5,3030,9431,113.950381,22.588421,113.876461,22.563243,340
OK,5,4078,10506,113.953787,22.588196,113.898511,22.535152,341
OK,5,5705,10579,113.953787,22.588196,113.851317,22.578014,342
OK,5,3969,10475,113.953787,22.588196,114.047768,22.571203,343
OK,5,4844,13092,113.957678,22.587971,114.048904,22.542505,344
OK,5,3164,9782,113.957678,22.587971,114.02841,22.556377,345
OK,5,3410,11028,113.96157,22.587521,113.875527,22.557722,346
OK,5,5154,11206,113.96157,22.587521,113.93288,22.502977,347
OK,5,2954,13726,113.964975,22.587747,114.064161,22.543344,348
OK,5,3824,9485,113.964975,22.587747,113.919933,22.535375,349
OK,5,4595,26258,113.964975,22.587747,114.187868,22.642058,350
OK,5,3493,7376,113.940328,22.58902,114.005311,22.602089,351
OK,4,4459,15244,114.114471,22.589291,113.994165,22.549357,352
OK,5,3742,18101,113.920222,22.589764,114.064161,22.543344,353
OK,5,2162,4594,113.95784,22.589628,113.913929,22.58467,354
OK,5,5700,19506,113.943895,22.590527,114.103197,22.544383,355
OK,5,1857,1443,113.949797,22.59095,113.949438,22.576986,356
OK,4,4092,9134,113.977135,22.591137,114.054635,22.572213,357
OK,5,4780,24729,113.975189,22.592492,113.800953,22.676551,358
OK,5,2592,6679,113.939677,22.594741,113.976879,22.562912,359
OK,5,5282,26224,113.958941,22.593663,114.187868,22.642058,360
OK,5,4587,10547,113.958941,22.593663,114.047768,22.571203,361
OK,5,3526,8810,113.959136,22.593392,114.009367,22.552498,362
OK,5,3365,5954,113.981929,22.595009,114.043453,22.597192,363
OK,5,5248,13099,113.983782,22.593547,113.889573,22.550766,364
OK,5,4063,4902,113.986863,22.593397,113.984458,22.547052,365
OK,5,5651,14386,113.989295,22.593849,113.898511,22.535152,366
OK,5,3446,8275,113.989295,22.593849,114.054635,22.572213,367
OK,5,3574,14387,113.991728,22.592945,113.875527,22.557722,368
OK,5,4453,12641,113.993836,22.593247,113.936375,22.521071,369
OK,5,7117,25489,114.109448,22.592908,113.898511,22.535152,370
OK,5,4816,19054,114.109448,22.592908,113.913929,22.58467,371
OK,5,5541,8957,113.937975,22.594966,113.882347,22.557594,372
OK,5,5243,17264,113.945515,22.59384,114.099217,22.564735,373
OK,5,5573,31796,113.945515,22.59384,114.213148,22.661689,374
OK,5,4258,17320,113.945515,22.59384,114.105603,22.617603,375
OK,5,4124,16366,113.961081,22.594296,114.106112,22.566073,376
OK,5,3335,6918,113.966084,22.596039,113.948998,22.543288,377
OK,5,2242,7479,113.966084,22.596039,113.905778,22.577634,378
OK,5,4170,6968,113.970356,22.596195,113.980332,22.53638,379
OK,5,6012,14038,113.970356,22.596195,114.111263,22.587247,380
OK,5,7267,14684,113.975513,22.595202,114.080873,22.547009,381
OK,5,5194,12466,113.987155,22.595113,113.888407,22.562797,382
OK,5,5884,14946,113.969513,22.596255,114.081577,22.551673,383
OK,5,3551,6027,114.001457,22.597462,113.969891,22.5669,384
OK,5,3796,3456,113.972269,22.598363,114.005311,22.602089,385
OK,4,6657,27691,113.935588,22.600702,114.187868,22.642058,386
OK,5,6236,18055,113.935588,22.600702,114.048523,22.526119,387
OK,5,5647,17280,114.173672,22.603692,114.032818,22.562563,388
OK,5,6888,24046,114.162972,22.605962,113.980332,22.53638,389
OK,5,7465,28008,114.167353,22.607764,113.938914,22.541223,390
OK,5,4277,5741,114.167353,22.607764,114.108873,22.610626,391
OK,5,5561,17375,114.169178,22.608779,114.032818,22.562563,392
OK,5,4829,11470,114.169178,22.608779,114.21945,22.675972,393
OK,5,5450,25678,114.171245,22.60776,113.969302,22.539843,394
OK,5,5335,13757,114.171245,22.60776,114.063268,22.571174,395
OK,5,4356,7653,113.931886,22.610095,114.005311,22.602089,396
OK,5,4717,12913,113.933346,22.609193,113.991793,22.535232,397
OK,5,6114,19062,113.933346,22.609193,114.089474,22.56452,398
OK,5,5450,10856,113.935293,22.608742,113.898511,22.535152,399
OK,5,6286,18572,113.935293,22.608742,114.111263,22.587247,400
OK,5,4747,13751,113.935293,22.608742,114.032818,22.562563,401
OK,5,6748,20440,113.935293,22.608742,114.087855,22.547125,402
OK,5,5326,9922,113.965456,22.609203,113.991793,22.535232,403
OK,5,4910,11470,113.965456,22.609203,114.065725,22.630241,404
OK,5,3712,7788,113.930913,22.610998,113.938914,22.541223,405
OK,5,6653,10676,113.932859,22.610548,113.875527,22.557722,406
OK,5,6235,12856,113.932859,22.610548,113.926225,22.489287,407
OK,5,6435,19065,113.934805,22.611452,114.081995,22.558501,408
OK,5,5061,10314,113.934805,22.611452,114.035787,22.620386,409
OK,5,6685,31016,113.934805,22.611452,114.213148,22.661689,410
OK,0,Array,Array,113.963509,22.611009,113.948822,22.583699,411
OK,0,Array,Array,113.963509,22.611009,113.938951,22.583475,412
OK,0,Array,Array,113.963509,22.611009,114.005311,22.602089,413
OK,0,Array,Array,113.963509,22.611009,113.995032,22.592971,414
OK,0,Array,Array,113.963509,22.611009,113.969891,22.5669,415
OK,0,Array,Array,113.963509,22.611009,113.95547,22.571257,416
OK,0,Array,Array,113.963509,22.611009,113.949438,22.576986,417
OK,5,7971,16046,113.965455,22.612816,114.13327,22.616822,418
OK,5,6503,17228,113.971453,22.620647,114.081577,22.551673,419
OK,5,8446,16197,113.967398,22.624109,114.13327,22.616822,420
OK,4,5104,10400,113.96837,22.630885,114.043453,22.597192,421
OK,4,7514,21236,113.925548,22.635387,114.13327,22.616822,422
OK,5,6369,23659,113.92863,22.635991,114.091237,22.551769,423
OK,5,5659,6989,113.966909,22.635853,114.005311,22.602089,424
OK,5,8249,21241,113.924817,22.637871,114.116474,22.604406,425
OK,5,6784,20350,113.946958,22.637203,114.092766,22.570258,426
OK,3,4989,15092,113.946957,22.638558,114.018876,22.555473,427
OK,5,6909,27147,113.946957,22.638558,114.213148,22.661689,428
OK,5,6242,28916,113.927493,22.639002,114.213148,22.661689,429
OK,5,4870,16632,113.9277,22.640809,113.991793,22.535232,430
OK,5,7557,9675,114.180907,22.555805,114.081577,22.551673,431
OK,5,9023,23516,114.180907,22.555805,113.960717,22.585452,432
OK,5,9745,47606,114.180907,22.555805,113.800953,22.676551,433
OK,5,8265,18251,114.180907,22.555805,114.065725,22.630241,434
OK,5,6140,13880,114.185283,22.555348,114.054635,22.572213,435
OK,5,7878,30812,114.185283,22.555348,113.926225,22.489287,436
OK,5,4246,10437,114.183338,22.555802,114.080873,22.547009,437
OK,5,8589,21303,114.183338,22.555802,113.995032,22.592971,438
OK,4,4984,15361,114.183338,22.555802,114.018876,22.555473,439
OK,5,6614,47832,114.183338,22.555802,113.800953,22.676551,440
OK,5,9188,32507,114.178532,22.558116,113.851317,22.578014,441
OK,5,5982,9344,114.178532,22.558116,114.187868,22.642058,442
OK,5,7846,29030,114.178532,22.558116,113.933866,22.496437,443
OK,5,8483,22326,114.188256,22.595771,113.988784,22.558775,444
OK,5,6462,14487,114.191985,22.595842,114.063268,22.571174,445
OK,5,10055,34091,114.191985,22.595842,113.933866,22.496437,446
OK,3,5387,6487,114.191859,22.598251,114.204036,22.651256,447
